20-Mar,21-Mar,22-Mar,23-Mar,24-Mar,25-Mar,26-Mar,27-Mar,28-Mar,29-Mar,30-Mar,31-Mar,01-Apr,02-Apr,03-Apr,04-Apr,05-Apr,06-Apr,07-Apr,08-Apr,09-Apr,10-Apr,11-Apr,12-Apr,13-Apr,14-Apr,15-Apr,16-Apr,17-Apr,18-Apr,19-Apr,20-Apr,21-Apr,22-Apr,23-Apr,24-Apr,25-Apr,26-Apr,27-Apr,28-Apr,29-Apr,30-Apr,01-May,02-May,03-May,04-May,05-May,06-May,07-May,08-May,09-May,10-May,11-May,12-May,13-May,14-May,15-May,16-May,17-May,18-May,19-May,20-May,21-May,22-May,23-May,24-May,25-May,26-May,27-May,28-May,29-May,30-May,31-May,01-Jun,02-Jun,03-Jun,04-Jun,05-Jun,06-Jun,07-Jun,08-Jun,09-Jun,10-Jun,11-Jun,12-Jun,13-Jun,14-Jun,15-Jun,16-Jun,17-Jun,18-Jun,19-Jun,20-Jun,21-Jun,22-Jun,23-Jun,24-Jun,25-Jun,26-Jun,27-Jun,28-Jun,29-Jun,30-Jun,01-Jul,02-Jul,03-Jul,04-Jul,05-Jul,06-Jul,07-Jul,08-Jul,09-Jul,10-Jul,11-Jul,12-Jul,13-Jul,14-Jul,15-Jul,16-Jul,17-Jul,18-Jul,19-Jul,20-Jul,21-Jul,22-Jul,23-Jul,24-Jul,25-Jul,26-Jul,27-Jul,28-Jul,29-Jul,30-Jul,31-Jul,01-Aug,02-Aug,03-Aug,04-Aug,05-Aug,06-Aug,07-Aug,08-Aug,09-Aug,10-Aug,11-Aug,12-Aug,13-Aug,14-Aug,15-Aug,16-Aug,17-Aug,18-Aug,19-Aug,20-Aug,21-Aug,22-Aug,23-Aug,24-Aug,25-Aug,26-Aug,27-Aug,28-Aug,29-Aug,30-Aug,31-Aug,01-Sep,02-Sep,03-Sep,04-Sep,05-Sep,06-Sep,07-Sep,08-Sep,09-Sep,10-Sep,11-Sep,12-Sep,13-Sep,14-Sep,15-Sep,16-Sep
2.13E-05,4.26E-05,5.33E-05,0.000127816,0,4.26E-05,9.59E-05,5.33E-05,0.000138468,0.000106514,8.52E-05,0.000330192,0.000617779,5.33E-05,0.000607128,0.000852109,0.001182302,0.00124621,0.000426055,0.000873412,0.001129045,0.000159771,0.000489963,0.000521917,0.000489963,0.000671036,0.001203604,0.000692339,0.000660385,0.001107742,0.000788201,0.000830807,0.001118394,0.000958623,0.00077755,0.001033183,0.000894715,0.001203604,0.000500614,0.00093732,0.000809504,0.000862761,0.001033183,0.000649733,0.000916018,0.000820155,0.000745596,0.000830807,0.000756247,0.000916018,0.000532568,0.00077755,0.000884063,0.00124621,0.001310118,0.00093732,0.001224907,0.001512494,0.001097091,0.001001229,0.001203604,0.00101188,0.001033183,0.000884063,0.00132077,0.001065137,0.001139696,0.003759933,0.00140598,0.001139696,0.002535025,0.003770584,0.002204833,0.003291272,0.002108971,0.002279393,0.003312575,0.002875869,0.002375255,0.004399015,0.003003686,0.002268741,0.005208518,0.004154033,0.003930354,0.004420317,0.005730435,0.004633345,0.0054535,0.006369517,0.005315032,0.008510442,0.010033588,0.011045468,0.013601796,0.013260952,0.016072913,0.012994668,0.015689464,0.016935674,0.020056524,0.020653001,0.017308471,0.017564104,0.01784104,0.021920513,0.029067581,0.027853325,0.027565738,0.03358376,0.032561229,0.031804982,0.031581303,0.030739845,0.031858239,0.034105677,0.037120014,0.036640703,0.042914358,0.045470686,0.043457578,0.055887723,0.067497713,0.056154007,0.067902465,0.080939738,0.101880326,0.104244929,0.083219131,0.098205604,0.097289587,0.084657065,0.126293259,0.127582074,0.131672199,0.120988878,0.11126418,0.107482945,0.125249425,0.130159705,0.133514886,0.132364538,0.128476789,0.128625908,0.10183772,0.11632358,0.122788959,0.126932341,0.115098672,0.104745544,0.094861075,0.090131868,0.121585355,0.122128575,0.12099953,0.128008129,0.134846307,0.103712361,0.119082284,0.137881946,0.145124876,0.144357978,0.1414182,0.143495217,0.132886455,0.135677113,0.141237127,0.140693907,0.13502738,0.141524714,0.142717667,0.134164619,0.114608709,0.139319881,0.137956506,0.134217876,0.130766833,0.129062615,0.116664423,0.10666279,0.11843255
0,0,0,0,0,0,0,0,0,0,0,0,0,0,0.00057356,0,0,0,0,0,0,0,0,0,0,0,0,0,0,0,0,0,0,0,0,0,0,0,0,0,0,0,0,0,0,0,0,0,0,0,0,0,0,0,0,0,0,0,0,0,0,0,0,0,0,0,0,0.00057356,0,0,0.00057356,0,0.00057356,0,0.010324084,0,0.009176964,0.002294241,0.001720681,0.00114712,0.002294241,0,0.003441361,0,0.002294241,0.003441361,0.011471205,0.002294241,0,0.002294241,0.002294241,0.002294241,0,0.018353928,0,0.002294241,0.005162042,0.005735602,0.00114712,0.006882723,0.002867801,0.002867801,0.002867801,0.002294241,0.002294241,0,0.032692934,0.004014922,0.005735602,0.00057356,0.003441361,0.006309163,0.008603404,0.018927488,0.003441361,0.010324084,0.016059687,0.043017018,0,0.04645838,0.037854976,0.02351597,0.051620422,0.028678012,0.039002096,0.052193982,0.02408953,0.037281416,0.040149217,0.018353928,0.04645838,0.052193982,0.045884819,0.042443458,0.061370946,0.04703194,0.014339006,0.034413615,0.018353928,0.037281416,0.053341103,0.057929584,0.039002096,0.021795289,0.043590578,0.055061783,0.059076705,0.04703194,0.054488223,0.029251572,0.02466309,0.02294241,0.076857072,0.043017018,0.066532988,0.034413615,0.055635344,0.02294241,0.028104452,0.057356024,0.082019115,0.044737699,0.064238747,0.075709952,0.090048958,0.044737699,0.057356024,0.084886916,0.122741892,0.115285609,0.079724874,0.049326181,0.103240844,0.127330374,0.082019115,0.072842151,0.087754717,0.086034036,0.083739795,0.101520163,0.096358121
0,0,0,0,0,0,0,0,0,0,0,0,0,2.74E-05,0.00041049,0.000218928,0,5.47E-05,0,2.74E-05,2.74E-05,2.74E-05,0,0,0,5.47E-05,2.74E-05,2.74E-05,5.47E-05,0,0,0,0,0,0,2.74E-05,0,0,0,0,5.47E-05,0,0.000109464,2.74E-05,0,0,0,0,5.47E-05,0.000246294,0.00013683,0.000109464,0,5.47E-05,0,0.00041049,0.000191562,8.21E-05,5.47E-05,0.000246294,0.000164196,0.000957809,0.000766247,0.000903077,0.001532495,0.001915618,0.001340933,0.004050164,0.002462938,0.004515386,0.002052448,0.004597484,0.004405922,0.00238084,0.003229185,0.003366015,0.00435119,0.008647648,0.004515386,0.006677298,0.004597484,0.00577422,0.004405922,0.004241726,0.006212076,0.004898509,0.006020514,0.009058137,0.002982891,0.004405922,0.007826668,0.004706947,0.003475479,0,0.013245131,0.005418463,0.006704664,0.010043312,0.003366015,0.007826668,0.005719488,0.01067273,0.014941822,0.012998837,0.009714921,0.011794735,0.018061542,0.027229144,0.019703501,0.021126532,0.009906482,0.022275902,0.019046718,0.015543873,0.025614551,0.014640796,0.020113991,0.027393339,0.023507371,0.029774179,0.024410448,0.062175492,0.029582617,0.037847141,0,0.038038703,0.0552519,0.03092355,0.031881359,0.031251942,0.036889332,0.03751875,0.036889332,0.057796936,0.050955443,0.039872223,0.032237117,0.064884723,0.078978199,0.062503883,0.064912089,0.073313443,0.060697729,0.030731988,0.079361323,0.073039783,0.125691916,0.076515262,0.074052324,0.028925834,0.036040987,0.076405798,0.069345377,0.0579064,0.047479964,0.050791247,0.042690919,0.034809518,0.051420664,0.053993066,0.059630456,0.055717122,0.070056892,0.066417218,0.054184627,0.089377269,0.073450273,0.097286036,0.083575683,0.079115029,0.073833396,0.042061501,0.076214236,0.070576846,0.061381878,0.074955401,0.069345377,0.058344255,0.035356838,0.065760434,0.06592463
0,0,1.53E-05,0,0,7.66E-06,0,2.30E-05,2.30E-05,0,1.53E-05,3.06E-05,6.13E-05,0,7.66E-06,3.83E-05,7.66E-06,0,1.53E-05,4.60E-05,0,7.66E-06,0.000160869,2.30E-05,7.66E-06,7.66E-06,7.66E-06,3.06E-05,7.66E-05,2.30E-05,2.30E-05,5.36E-05,0.000153209,9.96E-05,0.000130228,7.66E-05,0.000536231,0.000153209,0.000237474,0.000543892,0.000160869,0.000199172,0.000199172,0.000406004,7.66E-05,0.00016853,0.000191511,6.13E-05,4.60E-05,6.13E-05,0.000160869,0.000153209,0.000804347,0.000390683,0.000643477,0.000834989,0.000413664,0.000183851,0.001233332,0.000635817,0.000988197,0.000819668,0.001348238,0.002359417,0.001493787,0.00155507,0.001585712,0.001095444,0.001938093,0.000597515,0.001800205,0.000612836,0.001991716,0.00137122,0.000850309,0.001754242,0.001800205,0.000789026,0.000789026,0.002443682,0.001325257,0.000873291,0.001968734,0.001922772,0.002091302,0.000919253,0.001432503,0.00137888,0.00137888,0.000980537,0.001256313,0.000635817,0.001195029,0.002696477,0.000605175,0.001631675,0.002512626,0.000428985,0.002022358,0.001861488,0.001646996,0.002152585,0.003278671,0.003087159,0.001578052,0.001700619,0.003699995,0.005714692,0.001348238,0.001907451,0.003408898,0.004741816,0.005783636,0.004833741,0.006113035,0.009721105,0.010088807,0.01015009,0.010173071,0.008824833,0.013980313,0.011850709,0.010977418,0.0082503,0.010004542,0.010854851,0.012340978,0.014907227,0.020514673,0.019702666,0.015841801,0.019909498,0.017136416,0.018362088,0.021112187,0.023034959,0.02132668,0.017649666,0.018844696,0.022843448,0.023119224,0.026934126,0.030565177,0.031844471,0.02373972,0.0295923,0.029937021,0.029661245,0.029224599,0.027140958,0.017565401,0.018867677,0.024444481,0.022514049,0.019181755,0.018936621,0.016209502,0.018522957,0.009583217,0.010249676,0.01668445,0.01582648,0.017442834,0.014907227,0.015566025,0.010893153,0.014493563,0.023686097,0.01168984,0.008709926,0.01323725,0.014010955,0.010464168,0.011299157,0.012946153,0.010540773,0.014378656,0.00963684,0.012118825,0.015941387,0.003868525
3.19E-05,0,0,0,0,0,6.39E-05,9.58E-05,0,0,3.19E-05,3.19E-05,3.19E-05,0,0,0,0,0,3.19E-05,0,0,0,0.000255441,0,0.000415091,0,6.39E-05,0,0,9.58E-05,0,0,0,0,0,0,0,3.19E-05,0,0,3.19E-05,0,6.39E-05,9.58E-05,0,0.000447021,3.19E-05,3.19E-05,0,0,0,0,0,0,0,0,3.19E-05,0.000191581,3.19E-05,0.000606672,0.000223511,0.000255441,0.000447021,0.000415091,0.001404924,0.001341064,0.001213344,0.001245274,0.002235107,0.000255441,0.000957903,0.000510882,0.001021763,0.001628435,0.001564575,0.000542812,0.00332073,0.002809849,0.003927402,0.001404924,0.004789515,0.002777919,0.002554408,0.000702462,0.004342493,0.000989833,0.002650198,0.004789515,0.003001429,0.000798252,0.002650198,0.002618268,0.002618268,0.000415091,0.007471643,0.000894043,0.001883876,0.001820016,0.001053693,0.002969499,0,0.003735822,0.00316108,0.00316108,0.002554408,0.002330897,0.001660365,0.003065289,0.001468785,0.00312915,0.003512311,0.003512311,0.004789515,0.002937569,0.004150913,0.005172676,0.005044956,0.005172676,0.005108816,0.006162509,0.007407783,0.008589196,0.005555837,0.004917235,0.005364257,0.007631294,0.009132008,0.015230657,0.011367115,0.011590626,0.009419379,0.01634821,0.009004288,0.007088482,0.010377282,0.009547099,0.004661794,0.007918664,0.013506432,0.00654567,0.016763302,0.015198727,0.010696583,0.01293169,0.00957903,0.015358377,0.018168226,0.014017313,0.017369974,0.01615663,0.015454168,0.017689274,0.025799519,0.020818424,0.03244098,0.032217469,0.018136296,0.026821283,0.036272592,0.041094037,0.038603489,0.045915481,0.039752972,0.048310239,0.042977912,0.045053369,0.060156305,0.073311506,0.072928345,0.085157572,0.080751219,0.067053207,0.064403008,0.090489899,0.089979017,0.08774391,0.094608881,0.099621907,0.071140259,0.106518808,0.110158839
0.000835505,0.000442326,0.000147442,0,9.83E-05,-4.91E-05,0.000245737,4.91E-05,0.000147442,0,0.000688063,0.002162483,0.001130389,0.001572715,0.003292871,0.008207604,0.002899693,0.002850545,0.000982947,0.002604809,0.004570702,0.002506514,0.008993962,0.008158457,0.004177523,0.01749645,0.002506514,0.000835505,0.003047135,0.003292871,0.009141404,0.005406207,0.003833492,0.00368605,0.004521555,0.006290858,0.006782332,0.005455354,0.014400168,0.009337993,0.01012435,0.006143416,0.003735197,0.010959855,0.018872575,0.020985911,0.017152419,0.01012435,0.021035058,0.022018005,0.016611798,0.011009002,0.018725133,0.015235673,0.019953817,0.017643892,0.023197541,0.020887616,0.021526531,0.035435226,0,0.024573666,0.026244675,0.028063127,0.032437239,0.029046073,0.024966845,0.031208556,0.020248701,0.038924687,0.050326868,0.054307802,0.057158347,0.063645795,0.048655859,0.063793237,0.074359913,0.066791224,0.065365951,0.064874478,0,0.112498243,0.067135255,0.073770145,0.092249542,0.105027848,0.104880406,0.109303666,0.080945656,0.09136489,0.118641659,0.141396874,0.15417518,0.178404815,0.147441996,0.142969588,0.193984519,0.186170093,0.166609455,0.170049768,0.144886334,0.141986642,0.10242304,0.108074983,0.120017785,0.116626619,0.123851276,0.123114066,0.110286613,0.067774171,0.098687842,0.099916526,0.107485215,0.102668776,0.087531398,0.077308753,0.061237576,0.078930615,0.080945656,0.081191392,0.071853399,0.072492315,0.059517419,0.046886555,0.066299751,0.060303776,0.051162373,0.050376015,0.056126253,0.052833382,0.030127314,0.051899582,0.050867489,0.053718034,0.058731062,0.054946717,0.047230586,0.039563602,0.033125302,0.052882529,0.063842384,0.05858362,0.069002854,0.063891531,0.034747164,0.061778196,0.05470098,0.046984849,0.05858362,0.062711996,0.03204406,0.03867895,0.067528434,0.06870797,0.059714008,0.061434165,0.069396033,0.071263631,0.052145319,0.07588348,0.083206433,0.090431091,0.088858376,0.096033887,0.0994742,0.066742077,0.113628631,0.123310656,0.134516247,0.143215325,0.146115018,0.160023713,0.102079008,0.177372721,0.198506074,0.211726706,0.209662518,0.212365621,0.208138951,0.158696735,0.209515076
0,0,0,0,0,0,0.001900965,0,0,0,0.00126731,0,0,0,0.000633655,0,0.000633655,0,0,0,0,0,0,0,0,0,0,0,0,0,0,0,0,0,0,0,0,0,0,0,0,0,0,0,0,0,0,0,0,0,0,0,0,0,0,0,0.004435585,0.000633655,0.00126731,0.007603861,0.005702896,0.00506924,0.00253462,0.00126731,0.00126731,0.000633655,0.006970206,0.000633655,0,0.000633655,0.000633655,0,0.000633655,0,0.000633655,0.00506924,0,0.05512799,0.019009652,0.044989509,0.020910617,0.019009652,0.018375997,0.017742342,0.019009652,0.029148133,0.038019304,0.025979857,0.017742342,0.023445237,0.017108687,0.031049098,0.012673101,0.018375997,0,0.069702056,0.028514478,0.026613512,0.027880823,0.027880823,0.0563953,0.044355854,0,0.074137642,0.045623164,0.060197231,0,0.127998322,0.04879144,0.032950063,0.057028955,0.086177088,0.070969367,0.063365506,0.074137642,0.05386068,0.082375158,0.10772136,0.125463702,0.099483844,0.124196392,0.114057911,0.109622325,0.124196392,0.11025598,0.094414604,0.11025598,0.120394461,0.092513639,0.110889635,0.163483005,0.10645405,0.127998322,0.136235838,0.132433907,0.177423416,0.213541755,0.181225347,0.16411666,0.22051196,0.121028116,0.211007135,0.16411666,0.32062946,0.200868654,0.262966849,0.304154428,0.361183384,0.301619808,0.233818717,0.190096518,0.224947546,0.214809065,0.21671003,0.268669745,0.243957198,0.193898448,0.132433907,0.088078053,0.248392783,0.314926564,0.288946707,0.331401596,0.346609317,0.285778432,0.262333194,0.372589175,0.403004617,0.451796057,0.32189677,0.375123795,0.236986992,0.21797734,0.289580362,0.393499792,0.404905583,0.351678558,0.468904744,0.257897609,0.193898448,0.388430551
2.77E-05,6.93E-05,0.000152556,0.000152556,0,5.55E-05,6.93E-05,6.93E-05,2.77E-05,0.00011095,6.93E-05,0.000208031,1.39E-05,0.00011095,6.93E-05,0.00011095,0.000138687,0.000235769,0.000305112,0.000291244,0.000194162,0.000859862,0.000929206,0.001719725,0.001164975,0.000318981,0.001539431,0.001608775,0.002274475,0.002343819,0.003841644,0.005089831,0.002718275,0.003314631,0.003175944,0.003009519,0.002648931,0.0035504,0.003189812,0.003425581,0.002718275,0.004687637,0.004340919,0.004521212,0.004618294,0.005186912,0.00521465,0.006116119,0.005270125,0.005367206,0.005408812,0.005464287,0.005519762,0.004812456,0.005020487,0.005048225,0.004493475,0.004715375,0.014659269,0.005422681,0.005075962,0.005478156,0.005505894,0.0051037,0.005034356,0.005492025,0.00543655,0.005602975,0.005006619,0.005186912,0.005089831,0.005159175,0.005672319,0.006046775,0.005838744,0.005783269,0.006698606,0.006712475,0.007073062,0.006906637,0.006629262,0.006587656,0.006504444,0.007031456,0.007086931,0.006865031,0.007086931,0.007017587,0.007086931,0.007239487,0.007156275,0.007045325,0.007489125,0.007475256,0.008043875,0.007835844,0.007572337,0.007932925,0.008002269,0.007974531,0.008515412,0.008473806,0.008570887,0.008584756,0.009361406,0.009444619,0.009527831,0.00987455,0.010054844,0.010193531,0.010789887,0.010859231,0.011940994,0.012135156,0.01209355,0.012190631,0.012509612,0.012689906,0.012689906,0.012884069,0.013161444,0.013314,0.013383344,0.013841012,0.014229337,0.014146125,0.014950512,0.014811825,0.014992119,0.016587025,0.014589925,0.015366575,0.01586585,0.016073881,0.015990669,0.014215469,0.015241756,0.014187731,0.014062912,0.014839562,0.014284812,0.014825694,0.015269494,0.01520015,0.014784087,0.015699425,0.016018406,0.015116937,0.0148673,0.014964381,0.015546869,0.014284812,0.015144675,0.015810375,0.016157094,0.016697975,0.016808925,0.015269494,0.014797956,0.015449787,0.016489944,0.016434469,0.017654919,0.017779737,0.017682656,0.017904556,0.018431569,0.017460756,0.018376094,0.01830675,0.018181931,0.018514781,0.018445437,0.017960031,0.018431569,0.018473175,0.0186396,0.018930843,0.018389962,0.018500912,0.018708944
0.000559277,0,0.000131595,0.000164493,0,6.58E-05,6.58E-05,0,9.87E-05,0,0,0.00023029,9.87E-05,0,0,0.000197392,0,0.001151452,0.000197392,0.001875222,0,0.00072377,0.000263189,0,0.000263189,0,0.000460581,0.000197392,0,0.000657973,0,0.000263189,0.000690871,0,0.000263189,0.000328986,0,0.000559277,0,0.00023029,0.000460581,0,9.87E-05,0.001546236,0,0.002697688,0.002467397,0.001019858,0.001513337,0.001019858,0.00072377,0.000921162,0.000921162,0.000888263,0.001644931,0.000427682,0.000822466,0,0.002270005,0.000756668,0.000592175,0.001184351,0.00095406,0.001250148,0.001184351,0.002105512,0.001743627,0,0.003980734,0.002500296,0.004046531,0.007139003,0.006645523,0.00552697,0.008718137,0.009737994,0.009935386,0.010757852,0.010395967,0.011679013,0.01631772,0.013356844,0.011679013,0.012172493,0.012797567,0.012040898,0.013652931,0.015100471,0.016909896,0.018094246,0.018423233,0.012698871,0.017271781,0.015791342,0.013554235,0.012830466,0.016284822,0.016120328,0.014903079,0.013850323,0.017863956,0.013225249,0.012534378,0.011119737,0.012929161,0.018686422,0.016251923,0.017929753,0.015034674,0.016416416,0.016284822,0.022732953,0.022338169,0.018587726,0.021318312,0.021647298,0.021515704,0.024147594,0.022305271,0.022897446,0.02615441,0.024673972,0.020298454,0.022831649,0.019870772,0.023818608,0.025957019,0.025660931,0.025759627,0.026121512,0.02615441,0.024641074,0.024838465,0.020495846,0.023390926,0.026088613,0.025035857,0.021515704,0.020495846,0.024739769,0.024838465,0.024706871,0.025957019,0.026055715,0.026121512,0.026253106,0.026220208,0.026088613,0.026220208,0.026187309,0.024443682,0.029181084,0.029477172,0.032701238,0.032767035,0.039577051,0.038195309,0.036056898,0.035333128,0.037767627,0.045959385,0.042537928,0.042702421,0.045761994,0.042603725,0.047703013,0.055730278,0.058954344,0.061882322,0.061981018,0.075304963,0.074910179,0.073166552,0.075206267,0.075469456,0.085240349,0.078561927,0.091556886,0.083101938,0.08185179,0.082016283
0,0.00025806,0,0,0.00012903,0,0,0,0,0,0,0,0,0,0.00038709,0,0,0.00090321,0,0.00064515,0,0,0.0012903,0.00051612,0,0,0.00012903,0.00025806,0,0.00012903,0.00038709,0,0,0,0.00012903,0,0,0,0,0,0,0,0,0,0,0,0.00012903,0.00012903,0.00038709,0.00012903,0.00051612,0,0.00064515,0.00051612,0.00077418,0.00012903,0.00103224,0.00025806,0.00025806,0.00025806,0.0012903,0.00025806,0.00232254,0.00541926,0.00206448,0.00219351,0.00232254,0.0025806,0.00309672,0.00335478,0.00038709,0.00245157,0.00232254,0.00232254,0.00116127,0.00064515,0.00180642,0.00309672,0.0012903,0.00090321,0.00167739,0.00103224,0.00309672,0.00077418,0.00245157,0.00206448,0.00206448,0.00206448,0.00490314,0.00051612,0.00116127,0.00335478,0.00309672,0.00477411,0.00219351,0.00696762,0.00619344,0.00399993,0.00425799,0.00322575,0.0038709,0.00283866,0.00335478,0.00141933,0.00335478,0.00451605,0.00245157,0.00167739,0.00219351,0.00180642,0.00077418,0.00232254,0.00503217,0.00399993,0.00141933,0.00399993,0.0038709,0.00851598,0.00412896,0.00464508,0.0051612,0.0051612,0.00335478,0.01909644,0.00425799,0.00787083,0.01406427,0.0154836,0.01225785,0.01638681,0.01212882,0.0077418,0.00941919,0.01329009,0.00748374,0.0090321,0.00890307,0.01483845,0.00787083,0.00477411,0.01690293,0.01329009,0.01470942,0.01380621,0.01187076,0.00438702,0.01793517,0.0232254,0.00748374,0.01535457,0.02103189,0.00232254,0.00787083,0.02270928,0.01638681,0.0245157,0.02154801,0.01367718,0.012903,0.00683859,0.02154801,0.0232254,0.01754808,0.01858032,0.02116092,0.02206413,0.01793517,0.02077383,0.02567697,0.02774145,0.02425764,0.05122491,0.03161235,0.02206413,0.04077348,0.04116057,0.04103154,0.05741835,0.04206378,0.04748304,0.05316036
0.000903165,0.000193535,0,0,0,0,0.000451582,0.000129024,0.000451582,0.000709629,0,0.001483771,6.45E-05,0.000451582,0.000580606,0.000322559,0.0010967,0.000903165,0.000193535,0.000451582,0.002709494,6.45E-05,0.003161076,0,0.002451447,0.001612794,0.000645118,0.001419259,0.000967676,0.000903165,0.000838653,0.000580606,0.001161212,0.000774141,0.001741818,0.001290235,0.001870841,0.00258047,0.001870841,0.001483771,0.001354747,0.001032188,0.002128888,0.001612794,0.001741818,0.003483635,0.001612794,0.000967676,0.0021934,0.001225723,0.001935353,0.000838653,0.001612794,0.001161212,0.003548147,0.002451447,0.000774141,0.001935353,0.00696727,0.003999729,0.006838247,0.001806329,0.00477387,0.003806194,0.00258047,0.0054835,0.003548147,0.003032053,0.005935082,0.010450905,0.008709088,0.008322017,0.011418582,0.006773735,0.010192858,0.007805923,0.009547741,0.018385852,0.012192723,0.009354205,0.040255339,0.012773329,0.004257776,0.010837976,0.005612523,0.016773058,0.02232107,0.017740735,0.011934676,0.011096023,0.009418717,0.009612253,0.011741141,0.015869893,0.007934947,0.00916067,0.015031241,0.012579794,0.008192994,0.014063564,0.014063564,0.008386529,0.009354205,0.017353664,0.013870029,0.009934811,0.011676629,0.014902217,0.011805652,0.015869893,0.018837434,0.021288881,0.016385988,0.025546658,0.018127805,0.023611305,0.020708276,0.02232107,0.034965375,0.031933322,0.039029616,0.028965781,0.046448469,0.049545033,0.039416687,0.029739922,0.046577492,0.025095075,0.035675004,0.040255339,0.031675275,0.032900999,0.036126587,0.031030157,0.033288069,0.043287392,0.028901269,0.039287663,0.028320663,0.039803757,0.032384904,0.031739787,0.03148174,0.03586854,0.032191369,0.039803757,0.033739651,0.037029751,0.036771704,0.03625561,0.03148174,0.028385175,0.030836622,0.048125774,0.045932374,0.045803351,0.04431958,0.047416145,0.030901134,0.051028804,0.047416145,0.044900186,0.047996751,0.039287663,0.052964157,0.037287798,0.037223287,0.044706651,0.073156338,0.073672432,0.084639432,0.087477949,0.067156744,0.089864884,0.106895989,0.104960637,0.10508966,0.113798748,0.11205693,0.084058826,0.090897073
0,0,0,0,0,0,0,0,0,0,0,0,0,2.48E-05,2.48E-05,0,0,2.48E-05,2.48E-05,0,0,0.000222897,2.48E-05,7.43E-05,4.95E-05,0.000123831,7.43E-05,2.48E-05,0,0.000123831,2.48E-05,0.00019813,9.91E-05,-2.48E-05,9.91E-05,9.91E-05,9.91E-05,0.000247663,0.000371494,0,0.000520092,9.91E-05,4.95E-05,4.95E-05,9.91E-05,0,0,0.000247663,4.95E-05,0.000123831,0,0.000594391,2.48E-05,7.43E-05,0.000297195,2.48E-05,0.000594391,0.000148598,0.000346728,0.000148598,0,0.00019813,0,0.001461211,0.000445793,0.001040184,0.000495326,0.000173364,0.001213548,0.000544858,0.000520092,0.001040184,0.001287847,0.001164015,0.001213548,0.001312613,0.000990651,0.001015418,0.002179433,0.002947188,0.002451862,0.003888306,0.003838774,0.00193177,0.002724291,0.000445793,0.002328031,0.000842054,0.000445793,0.001882238,0.001386912,0.000619157,0.001114483,0,0.002674759,0.001585042,0.001188782,0.000544858,0.001362146,0.000693456,0.001213548,0.000619157,0.00153551,0.001585042,0.000767755,0.001560276,0.002749057,0.001089716,0.001040184,0.001634575,0.003690176,0.002476628,0.003714942,0.004284567,0.004804659,0.003541578,0.003516812,0.004779893,0.005671479,0.00752895,0.007355586,0.010426605,0.004779893,0.005473349,0.009980812,0.008073808,0.012135479,0.012828935,0.008494835,0.010872398,0.010104643,0.009782682,0.019392,0.007578483,0.01959013,0.018029854,0.020729379,0.0236518,0.011442023,0.023478436,0.021497134,0.017559295,0.015577992,0.025856,0.014488276,0.012432674,0.012828935,0.02818403,0.017683126,0.019664429,0.016494345,0.017262099,0.017955555,0.039948015,0.016420046,0.035737746,0.009287356,0.027391509,0.032889624,0.023973762,0.026574222,0.033434482,0.022908812,0.038041011,0.039081195,0.079772198,0.053916198,0.025484505,0.040071846,0.038610635,0.043539126,0.031354114,0.038561103,0.066274573,0.039650819,0.029273747,0.023800398,0.035168122,0.025113011,0.031279815,0.042152214
0.000212386,0,0.00015575,9.91E-05,5.66E-05,0,5.66E-05,0.000198227,0,0.00029734,5.66E-05,4.25E-05,0.000254863,0.000127432,0.000198227,5.66E-05,0.000226545,9.91E-05,0,0.000339817,8.50E-05,0,0.000368136,9.91E-05,0.000254863,0.000212386,0.000184068,0.000269022,0.000509726,0.000622999,0.000353976,8.50E-05,0.000254863,0.000141591,0.000127432,0.000254863,0.000410613,0.000368136,4.25E-05,0.000127432,0.00015575,0.000169909,0.000424772,0.000339817,0.000169909,0.000184068,0.000523885,0.000283181,0.000311499,0.000169909,0.000679635,0.000580521,0.000764589,0.000198227,0.000892021,0.000481408,0.000396454,0.000976975,0.000509726,0.000778748,0.001401747,0.002138018,0.000920339,0.002024745,0.00195395,0.003058357,0.001840678,0.001316792,0.001430065,0.001911473,0.001628292,0.003511447,0.001996427,0.004233559,0.002647744,0.005493715,0.003780469,0.003638878,0.007291915,0.005352124,0.003384015,0.00436099,0.002279608,0.001699087,0.002888448,0.003837105,0.00436099,0.002491994,0.00301588,0.004488422,0.002888448,0.002973402,0.004771603,0.005890168,0.006414054,0.003525606,0.004559217,0.005621146,0.006258304,0.006300781,0.012998016,0.017939528,0.01564576,0.013408629,0.018010323,0.021266906,0.023985446,0.026038509,0.027256188,0.026095145,0.02121027,0.029195979,0.031546383,0.032749903,0.039617047,0.037195847,0.038767503,0.035341011,0.044969171,0.059029116,0.052289404,0.06423965,0.058335322,0.051652247,0.051666406,0.067453756,0.071220066,0.070894407,0.071814746,0.073612947,0.075382829,0.07838455,0.077917301,0.086766712,0.077634119,0.073230652,0.078327913,0.067283847,0.088621549,0.079559751,0.096352395,0.094440922,0.101633724,0.084741967,0.060416704,0.088593231,0.111615861,0.094950648,0.111969837,0.124854581,0.099679774,0.089442774,0.108529186,0.122362586,0.104564649,0.107198234,0.103785901,0.084076491,0.082844653,0.115552079,0.121484725,0.132896926,0.126865167,0.117860006,0.125335989,0.091963087,0.128252755,0.13960832,0.125520056,0.131396066,0.137994187,0.131948269,0.081740246,0.111375157,0.135077421,0.130504045,0.134001333,0.129413798,0.140089728,0.116727281,0.10726903
0.000799019,0.000342437,0.00015575,0.000428046,0.000799019,0,0.000656337,0.000542192,0.00111292,0.000171218,0.000342437,0.001141456,0.000199755,0.000684874,0.000599264,0.000256828,0.0003139,0.000228291,0.000370973,0.000256828,0.000256828,0.000342437,0.000199755,0,0.000342437,8.56E-05,0.000228291,2.85E-05,0.000199755,2.85E-05,0.000114146,5.71E-05,0.000171218,0.000542192,0.0003139,0.000256828,8.56E-05,0.000199755,2.85E-05,0.000656337,0.000114146,0.000285364,5.71E-05,0,5.71E-05,2.85E-05,0,5.71E-05,2.85E-05,0,0,5.71E-05,0.000199755,0.000199755,0.000142682,0.000285364,0.000741946,0.000456582,0.0003139,0.00039951,0.000827556,0.000342437,0.000684874,0.000684874,0.001198529,0.001797793,0.001483893,0.001398284,0.001911939,0.001169993,0.002397058,0.001769257,0.001655111,0.001740721,0.001626575,0.002454131,0.002339985,0.002682422,0.003167541,0.003081932,0.003053395,0.002596813,0.002596813,0.001854866,0.002368522,0.002225839,0.002425594,0.001540966,0.002339985,0.002254376,0.00214023,0.002768031,0.003367296,0.003624123,0.003795342,0.003938024,0.004023633,0.004337533,0.003509978,0.004280461,0.005564599,0.003367296,0,0.00721971,0.004308997,0.004565825,0.006021181,0.006848737,0.006420691,0.005507526,0.007761902,0.008589458,0.009673841,0.011871144,0.013925765,0.012413336,0.012812845,0.017350134,0.01777818,0.020603284,0.022572295,0.016922087,0.023428388,0.022657905,0.020546211,0.029620787,0.030762243,0.025254717,0.031475653,0.026453246,0.020032555,0.033301983,0.025768373,0.01443942,0.037382689,0.0322176,0.033359056,0.02745202,0.030904925,0.034101003,0.037040252,0.035699041,0.040521693,0.034557585,0.033787102,0.040436084,0.034586121,0.044630936,0.044773618,0.045886537,0.043660698,0.049225297,0.050166998,0.06657543,0.056159643,0.056587689,0.061981069,0.054447458,0.035442214,0.067773959,0.070656136,0.068658588,0.072568075,0.06840176,0.061467414,0.043660698,0.0325315,0.044145817,0.044317035,0.070741745,0.075764152,0.087949197,0.047027993,0.086351158,0.097080846,0.095568416,0.085266775,0.082327525,0.089575772,0.072482466,0.091744538
0,4.74E-05,0,2.37E-05,1.18E-05,0,9.47E-05,5.92E-05,0.000118392,0,3.55E-05,0.000165749,0,0.00061564,0,5.92E-05,0,0.000722193,0,0.00075771,0,0.000355177,0.002083704,0.001148405,0.000378855,0.000473569,0.001491743,0.003042681,0.001574617,0.002249453,0.001148405,0,0.00092346,0.000793228,0.000473569,0.001266797,0.001811402,0.002888771,0,0.000852424,0.002592791,0.002060025,0.001172083,0.000698514,0.001503582,0,0.001136566,0.001266797,0.001053691,0.001349672,0.001053691,0.003232109,0,0.002024508,0.002379684,0.002213935,0.002995324,0.002000829,0.00229681,0.002225775,0.00306636,0.002711183,0.003196591,0.00291245,0.002237614,0.002379684,0.003480733,0.00229681,0.001953472,0.002805897,0.002273131,0.002273131,0.00291245,0.002344167,0.00229681,0.001621974,0.00198899,0.002060025,0.002770379,0.002746701,0.002048186,0.002805897,0.002498077,0.002367845,0.002273131,0.002391524,0.002344167,0.001906115,0.001574617,0.001752205,0.001906115,0.002154739,0.001846919,0.00168117,0.002119222,0.002071865,0.002166578,0.002213935,0.001752205,0.002391524,0.001977151,0.002616469,0.002178418,0.002640147,0.003172913,0.00290061,0.002261292,0.003634642,0.003859588,0.004191086,0.004060855,0.004842244,0.003610964,0.003741196,0.006440539,0.005102707,0.006807555,0.009447703,0.007553426,0.008701831,0.008322976,0.008074352,0.009909432,0.008405851,0.009293793,0.008843902,0.007482391,0.008713671,0.008476886,0.010347484,0.00934115,0.007435034,0.010856571,0.009873915,0.009921272,0.009566095,0.010903927,0.00887942,0.009435863,0.007719176,0.009826558,0.008689992,0.010169895,0.010276448,0.01025277,0.009980468,0.010300127,0.012004975,0.009424024,0.012064172,0.012099689,0.01101048,0.011720834,0.011555085,0.013520396,0.013579593,0.014514891,0.014952943,0.01529628,0.016326293,0.012596937,0.015592261,0.014822711,0.017072164,0.018445515,0.018137695,0.01805482,0.016859058,0.019795186,0.019629437,0.019368974,0.020055649,0.022316942,0.022068318,0.022127514,0.025892388,0.026519867,0.027786664,0.027005275,0.029396799,0.027502523
0.000348537,3.71E-05,0.000111235,5.19E-05,9.64E-05,1.48E-05,0.000259549,4.45E-05,0.000370785,4.45E-05,5.19E-05,0.000170561,0.000637749,0.000244718,0,0.000652581,0.000496851,0.001483138,0.00043011,0.002002237,0.000867636,0.001698193,0.001557295,0.001386734,0.001661115,0.002588076,0.002617739,0.001698193,0.002143135,0.000875052,0.002432347,0.004093461,0.003433465,0.004093461,0.00321841,0.005769408,0.002869872,0.006014125,0.003262904,0.003870991,0.005398623,0.004427168,0.004323348,0.007475017,0.005858396,0.005027839,0.011620388,0.00729704,0.009143547,0.00901748,0.008075688,0.00863928,0.014408688,0.0091213,0.007608499,0.011086458,0.011879937,0.011687129,0.0119096,0.017404627,0.014868461,0.015409806,0.016025308,0.017389795,0.021802132,0.019340122,0.022551116,0.018064623,0.01550621,0.016240363,0.019265965,0.019888883,0.021802132,0.018442824,0.017486199,0.016959685,0.018984169,0.021750222,0.018064623,0.020311578,0.022298983,0.018932259,0.016752046,0.024130659,0.026748398,0.025903009,0.025413573,0.025139193,0.020660115,0.020029781,0.02452369,0.027823673,0.02837985,0.028728387,0.028698724,0.027593786,0.023834031,0.028847038,0.03589936,0.037256432,0.04722312,0.040734391,0.038984288,0.036173741,0.041060681,0.046926493,0.047193458,0.052458598,0.048609855,0.039807429,0.038072158,0.048965808,0.050982876,0.058302163,0.060356309,0.058042614,0.048179745,0.049989173,0.059140136,0.064078986,0.061609561,0.061906189,0.070582547,0.061105294,0.0618172,0.078428348,0.073378263,0.071301869,0.068602558,0.069937382,0.058761936,0.057226888,0.06830593,0.082662708,0.076529931,0.07119805,0.070515806,0.066503917,0.057545762,0.076448359,0.085384267,0.077738689,0.09508399,0.090827384,0.068083459,0.082225182,0.094268264,0.087601558,0.093497033,0.089136606,0.082395743,0.062981464,0.082455069,0.097627572,0.108617627,0.105013601,0.107468194,0.07742723,0.081683837,0.077308579,0.110404808,0.110174922,0.106986175,0.120771944,0.121676658,0.08789077,0.116908369,0.129277742,0.134261086,0.14251475,0.154246373,0.173156386,0.121832388,0.149285276,0.174839747,0.173868292,0.184546887,0.163768121,0.167171923,0.126556183,0.151888184
0,0,0,0,0,0.000295249,0,0,0,0,0,0,0,0,0.000295249,0,0,0,0,0,-0.000295249,0.000295249,0,0,0,0,0,0,0,0,0,0,0,0,0,0,0,0,0,0,0,0,0,0,0,0,0,0,0,0,0,0,0,0,0,0,0.000295249,0,0.001180996,0,0,0.000590498,0.004723984,0,0.000295249,0.000885747,0.000885747,0.002066743,0,0.001476245,0.003247739,0.001180996,0.000885747,0.002657241,0.003542988,0.001771494,0.008562221,0.001771494,0.002361992,0.007381225,0.004428735,0.0295249,0.009447968,0.002066743,0.016238695,0.005609731,0.018895936,0.002657241,0.009447968,0.00295249,0.015352948,0.015943446,0.022143675,0.028343904,0.018895936,0.016829193,0.006790727,0.014467201,0.025391414,0.005609731,0.005019233,0.027458157,0.012400458,0.002066743,0.007676474,0.005609731,0.010924213,0.002657241,0.012105209,0.007085976,0.01180996,0.001476245,0.004428735,0.038972868,0.003247739,0.004723984,0.005019233,0.013581454,0.008266972,0.018895936,0.010628964,0.026867659,0.00590498,0.004133486,0.02657241,0.013286205,0.016238695,0.009152719,0.00885747,0.017419691,0.015057699,0.009152719,0.041630109,0.013876703,0.034248884,0.039858615,0.022143675,0.026277161,0.028934402,0.022143675,0.036610876,0.073517001,0.049897081,0.034839382,0.0295249,0.025981912,0.012105209,0.03838237,0.025391414,0.056687808,0.052849571,0.034839382,0.023029422,0.032772639,0.014467201,0.036610876,0.024505667,0.033658386,0.034248884,0.024210418,0.041630109,0.04133486,0.034839382,0.034544133,0.044877848,0.04133486,0.03838237,0.036906125,0.030115398,0.02657241,0.054325816,0.041039611,0.024800916,0.028343904,0.04723984,0.031886892,0.032182141,0.044877848,0.042515856,0.028343904,0.070564511
0,0,0,0,0,0,0,0,0,0,0,0,0,0,0,0,0,0,0,0,0,0,0,0,0,0,0.000263529,0.001581173,0,0.000527058,0.000527058,0,0,0.000263529,0,0,0,0,0,0,0,0,0,0,0,0,0,0,0,0,0,0.000263529,0,0,0,0,0,0,0,0,0,0,0.000263529,0,0,0,0,0,0.000263529,0.001317644,0.000263529,0.001581173,0,0,0,0,0.001581173,0,0,0,0.000790587,0,0.001844702,0.000263529,0,0,0,0,0,0,0,0,0,0,0,0,0.000527058,0,0,0.000263529,0,0,0,0.001317644,0,0.001054115,0.001581173,0,0,0.004743519,0,0,0.008696452,0.024771711,0,0.026089356,0.003162346,0,0.007378808,0.008169394,0.00685175,0.003952933,0.008432923,0.004216462,0.006324692,0.006324692,0.005270577,0.014230558,0.015284673,0.014757615,0.009487038,0.010804683,0.001317644,0.005007048,0.005270577,0.008696452,0.004743519,0.007378808,0.003952933,0.003162346,0.016075259,0.004216462,0.00447999,0.010277625,0.0137035,0.005797635,0.01133174,0.003689404,0.00922351,0.016865846,0.021609365,0.011595269,0.010277625,0.012912913,0.040846971,0.015021144,0.024508183,0.027934057,0.015548202,0.011068211,0.008432923,0.020818779,0.029251702,0.01133174,0.015811731,0.006588221,0.018974077,0.020291721,0.028724644,0.028461115,0.04796225,0.023454067,0.007642336,0.011068211,0.03188699,0.026089356,0.039792855,0.044272846,0.028724644,0.036894038,0.045326961
0,0,0,0,0,0,0.00073798,0,0,0,0,0,0,0,0,0,0,0,0,0,0,0,0,0,0,0,0,0,0,0,0,0,0,0,0,0,0,0,0,0,0,0,0,0,0,0,0,0,0,0,0,0,0,0,0,0,0,0,0,0,0,0,0,0,0,0,0,0,0,0,0,0,0,0,0,0.008855766,0.00073798,0.002213941,0.003689902,0.001475961,0.007379805,0.005903844,0.033947102,0.003689902,0.006641824,0.001475961,0.002213941,0.003689902,0.003689902,0.002951922,0,0.006641824,0,0.007379805,0.00073798,0,0.00073798,0,0.002213941,0,0.002213941,0,0,0.008855766,0,0.001475961,0,0.001475961,0.01623557,0.008117785,0,0,0,0.021401434,0.00073798,0.002951922,0.001475961,0.003689902,0,0.025091336,0.007379805,0.001475961,0,0.009593746,0.014759609,0,0.011069707,0.021401434,0,0,0.016973551,0,0.010331727,0.007379805,0.002951922,0.041326906,0.010331727,0.014021629,0.002213941,0.024353355,0.001475961,0.019925473,0.019925473,0.019925473,0.002213941,0.018449512,0.00073798,0,0.005903844,0.088557656,0.008855766,0,0.052396613,0.009593746,0.01623557,0.005903844,0.010331727,0.00073798,0.025829316,0.010331727,0,0.005165863,0.021401434,0.003689902,0.002213941,0,0.006641824,0,0.014759609,0.004427883,0.011807688,0.038374984,0,0.006641824,0.050920652,0.104055246,0.033947102,0.025829316,0.010331727,0.029519219,0.008855766
2.09E-05,2.09E-05,0,0,0,0,0,0,2.09E-05,0,0,0,2.09E-05,0,2.09E-05,0,0.000313476,2.09E-05,0,0.000438866,0,4.18E-05,8.36E-05,4.18E-05,8.36E-05,0,0.00012539,0,0,0,2.09E-05,0.000146289,0.00012539,0.000104492,8.36E-05,0.000146289,8.36E-05,0,0.000188085,0.000313476,0,0.000146289,0.000355272,0.000146289,0.000167187,0.000104492,0.000146289,0.00012539,0.000208984,0.000710545,0.001086716,0.000480663,0.001734565,0.00077324,0.000480663,0.002110736,0.001525581,0.001274801,0.001358394,0.001901752,0.001003122,0.002131634,0.00154648,0.001065817,0.00179726,0.00167187,0.001400191,0.002131634,0.001650972,0.001588277,0.001400191,0.001316598,0.002006244,0.00269589,0.003260147,0.002946671,0.002988468,0.001880854,0.002716789,0.003615419,0.001567378,0.002883976,0.003051163,0.002298821,0.002842179,0.002340618,0.004702135,0.003887098,0.003051163,0.002257025,0.003657216,0.003636317,0.003448232,0.003740809,0.006353106,0.002988468,0.003490029,0.005893342,0.004388659,0.004555846,0.003552724,0.005517171,0.005120102,0.004305065,0.005245492,0.004785728,0.011723989,0.010344696,0.009801338,0.009529659,0.011932973,0.011013444,0.012058363,0.015778274,0.011912074,0.012434534,0.0128734,0.011347818,0.012915196,0.010323798,0.015005034,0.01235094,0.015381205,0.014064607,0.013521249,0.022528449,0.026415547,0.033312011,0.027585856,0.028756165,0.031410259,0.025391527,0.022319465,0.025140746,0.031326665,0.033479198,0.029968271,0.028923352,0.028923352,0.027941128,0.035506341,0.038306723,0.034336031,0.036237784,0.031932718,0.028024722,0.039205353,0.041399682,0.041316089,0.052162346,0.061106851,0.046895955,0.046791463,0.054105895,0.060563493,0.056383818,0.058912521,0.062548839,0.06162931,0.05751233,0.070448425,0.070720104,0.07694782,0.067961518,0.062987705,0.054377574,0.063217587,0.067271872,0.075882003,0.068274994,0.074042946,0.079622812,0.080688629,0.072935332,0.078327113,0.083405418,0.08350991,0.078933165,0.081775345,0.087731382,0.07617458
0.000625536,0,0,0,0,0,0,0,0,0,0,0,0,0.001251073,0,0.001251073,0,0,0,0,0,0,0,0.001251073,0,0,0,0,0,0,0,0,0,0,0,0,0,0,0,0.000625536,0,0,0,0,0,0,0,0.000625536,0,0,0,0,0,0.001876609,0.000625536,0,0,0,0,0,0.003127682,0,0,0.001251073,0.003753219,0,0.009383047,0,0.003127682,0,0.003127682,0,0,0.011885193,0.002502146,0.005004292,0,0,0.01063412,0,0,0.017515021,0,0,0.018766094,0,0.011885193,0.011259657,0.005004292,0.008757511,0.018140558,0.016263948,0.009383047,0,0.050042918,0.01063412,0.011885193,0.036906652,0.025646996,0,0.073187768,0,0,0.059425965,0,0.05504721,0,0,0,0,0.080068669,0.048791845,0.089451716,0.075689914,0.040659871,0.050668455,0.031276824,0.039408798,0.040659871,0.091953862,0.055672747,0.038783262,0.06568133,0.058174892,0.054421674,0.075689914,0.075064377,0.059425965,0.086949571,0.082570815,0.053796137,0.086949571,0.103839055,0.075689914,0.108843347,0.083821888,0.125107296,0.11009442,0.103213519,0.178903433,0.117600858,0.150754291,0.163265021,0.162013948,0.151379828,0.172648068,0.300883046,0.187035407,0.197043991,0.224567596,0.236452789,0.185784334,0.229571888,0.221439913,0.339040771,0.188912016,0.324027896,0.256469956,0.210805793,0.354679183,0.315270385,0.315270385,0.369066522,0.332785407,0.357181329,0.17765236,0.22206545,0.244584763,0.265227467,0.364687767,0.251465664,0.291499999,0.17765236,0.270857295,0.20955472,0.282742488,0.306512874,0.262099784,0.242708154,0.245835836,0.234576179
6.33E-05,0,0.000601272,0,0,0.000253167,0.000126584,0,0.00015823,0,0,9.49E-05,0,0.00015823,0,0.000221521,0.000126584,0.000348105,0.000253167,0.000474689,0.000316459,0,0.000981023,0.000601272,0,0.000506335,0.000284813,0.000316459,0,0.000506335,0,0.00053798,0.000822794,0,0.000189875,0.000822794,0.000664564,0,0.000474689,0,0.000284813,0.001107607,0,0.003892447,0.009240605,0.01044315,0.004145614,0.006898808,0.002056984,0.004050676,0.002753194,0.000981023,0.0019304,0.001708879,0.001170899,0.000316459,0.000348105,0,0.000348105,0.000569626,0.000506335,0.00069621,9.49E-05,0.000727856,3.16E-05,0.000506335,0.000474689,0,0.001455712,0.001044315,0.000601272,0.00123419,0.001139253,0.000949377,0.001202545,0.001297482,0.001075961,0.00123419,0.001455712,0.001708879,0.002943069,0.001740525,0.001772171,0.002721548,0.002594964,0.003132945,0.002436735,0.002436735,0.00401903,0.003291174,0.003987384,0.003734217,0.006867162,0.003797509,0.003860801,0.005094991,0.005126637,0.007278559,0.004493719,0.005949431,0.003132945,0.005063345,0.006392473,0.004746886,0.003164591,0.003670925,0.004841824,0.005443096,0.005506388,0.006582349,0.008164644,0.005000053,0.007373497,0.006867162,0.007278559,0.007405143,0.011297589,0.010538087,0.009114022,0.009335543,0.011012776,0.011076068,0.00974694,0.012974822,0.011993799,0.013038114,0.013860908,0.015095098,0.014810285,0.016898915,0.017436895,0.019272358,0.017974876,0.016139413,0.020981237,0.029873737,0.025000267,0.021329342,0.015443203,0.026614209,0.032753515,0.032880099,0.031582616,0.03085476,0.031202865,0.031645908,0.032278826,0.032500348,0.034082643,0.032531994,0.036867483,0.047152403,0.053924627,0.053291709,0.05506388,0.0475638,0.041646015,0.035949752,0.047627092,0.040918159,0.047880259,0.055253756,0.04879799,0.046519485,0.053101834,0.046392901,0.047975197,0.04686759,0.048291656,0.04740557,0.047911905,0.061582937,0.066772866,0.062152564,0.067627306,0.077817288,0.078260331,0.077247662,0.082975571,0.07702614,0.074969156
8.42E-05,0.000120266,8.42E-05,4.81E-05,6.01E-05,-1.20E-05,7.22E-05,3.61E-05,0.000156345,0,3.61E-05,0.000204452,0.000228505,0.000180398,0.000300664,0.000553222,0.000252558,0.000637408,0.00042093,0.000481063,0.000637408,0.000986178,0.001082391,0.001767905,0.000865913,0.001214683,0.00115455,0.000649435,0.001298869,0.001178603,0.001467241,0.001527374,0.001178603,0.000998205,0.002778137,0.000889966,0.00084186,0.000589302,0.00122671,0.000926046,0.00122671,0.000889966,0.001755879,0.000986178,0.001250763,0.001395082,0.002104649,0.001166577,0.001912224,0.001322922,0.001828038,0.001551427,0.001274816,0.002092623,0.001659666,0.002429366,0.002477473,0.002321127,0.00280219,0.002910429,0.003668103,0.004064979,0.002044516,0.002549632,0.003211093,0.002982588,0.003439598,0.003271226,0.00283827,0.002008437,0.00437767,0.003583917,0.003030695,0.002573685,0.001791958,0.00472644,0.003355412,0.002525579,0.002669898,0.002970562,0.00322312,0.001972357,0.005796805,0.004269431,0.002862323,0.00276611,0.004004847,0.003523784,0.003451624,0.002826243,0.003920661,0.003788368,0.003595943,0.004570095,0.004738467,0.003632023,0.004750494,0.004594148,0.003451624,0.00437767,0.003415545,0.003932687,0.004678334,0.004257404,0.003583917,0.004209298,0.004690361,0.005772752,0.00760079,0.006301921,0.008611021,0.007925507,0.006013283,0.007348232,0.006903249,0.007745109,0.006542452,0.007636869,0.010415006,0.008863579,0.007396338,0.008550888,0.011232813,0.011497397,0.011822114,0.01155753,0.010655538,0.01152145,0.013469754,0.007348232,0.011653743,0.019675462,0.005411955,0.014203375,0.013866631,0.016211811,0.013926764,0.014083109,0.020493269,0.007131754,0.0207338,0.013962843,0.014083109,0.014059056,0.014107162,0.014636331,0.014588225,0.015802908,0.015369951,0.015478191,0.015838988,0.016043439,0.016199785,0.015778855,0.015995333,0.016055466,0.015754802,0.016175731,0.016187758,0.016476396,0.016175731,0.016175731,0.016295997,0.016921378,0.017438521,0.017630946,0.017679052,0.018172141,0.018677257,0.018881709,0.018833603,0.01915832,0.019001974,0.01912224,0.019362771,0.019723568,0.0199641,0.020072339,0.020481242,0.020805959,0.021166756
3.60E-05,0,4.80E-05,2.40E-05,3.60E-05,3.60E-05,0.000131891,3.60E-05,0.000131891,2.40E-05,9.59E-05,0.000287763,0.000599506,0.001318914,0.000899259,0.001222993,0.000887269,0.001031151,0.000599506,0.000827319,0.000575526,0.001151052,0.00092324,0.000695427,0.001270953,0.001175032,0.000371694,0.000455625,0.000299753,0.000671447,0.000587516,0.001258963,0.000515575,0.000911249,0.000395674,0.000647467,0.000863289,0.000791348,0.000767368,0.000623486,0.001450805,0.001246973,0.00193041,0.002433995,0.002769719,0.003189373,0.006318796,0.006090983,0.009244386,0.006954272,0.007194075,0.006306806,0.008021394,0.00956812,0.008584929,0.006102974,0.005359586,0.005203714,0.00571929,0.00766169,0.006426707,0.008249206,0.008908663,0.009304337,0.009424238,0.009100505,0.009172446,0.009652051,0.007745621,0.009795932,0.009915833,0.010479369,0.011246737,0.013776654,0.013932525,0.013081226,0.015419301,0.016594333,0.0172418,0.017481602,0.018165039,0.018728575,0.020203361,0.023104971,0.022481484,0.023764428,0.023848358,0.023668507,0.0220978,0.018165039,0.026066532,0.025670857,0.025359114,0.028728339,0.030358996,0.032493239,0.030167154,0.034351708,0.042073348,0.043704005,0.044519334,0.047241092,0.047349003,0.047277063,0.046545665,0.052073113,0.051905251,0.051317735,0.049759018,0.045886208,0.043356292,0.045034909,0.050730219,0.04412366,0.047540845,0.05088609,0.051893261,0.054267305,0.053907602,0.054543078,0.054411187,0.057636531,0.059698832,0.059770773,0.05953097,0.070130241,0.077600089,0.081352998,0.083786993,0.083763013,0.083846944,0.083595151,0.077048543,0.070310093,0.070513925,0.070489944,0.070441984,0.067252611,0.060706003,0.062048897,0.06815187,0.070501935,0.070537905,0.071868809,0.070909599,0.069950389,0.070394023,0.069962379,0.070621836,0.070262132,0.071341243,0.070621836,0.068451623,0.069482774,0.071772888,0.071880799,0.071700947,0.071640996,0.071545075,0.071353233,0.071437164,0.071712937,0.071892789,0.076161274,0.077875861,0.071413184,0.071077461,0.071820848,0.070645816,0.071652987,0.070382033,0.069338892,0.069254962,0.06815187,0.066952858,0.066281411,0.066173499,0.065885736,0.068259781,0.068967199,0.068307742
0,0,0,0,0,0,0,0,0,0,0,0,0,0,0,0,0,0,0.000237098,0,0,0,0,0.000237098,0,0,0,0,0,0,0,0,0,0,0,0,0,0,0,0,0,0,0,0,0.000474197,0.002845182,0.00308228,0.003319379,0,0.005216167,0.012566219,0.003793576,0.003793576,0.000474197,0.000474197,0.000237098,0.000237098,0,0.002608083,0,0,0.001422591,0,0,0.000474197,0.003319379,0.000474197,0.000711295,0.00308228,0.005453265,0.002845182,0.002133886,0.004030674,0.010669432,0.025369537,0.011380727,0,0.041729333,0.011380727,0.013040416,0.012566219,0.009009742,0.006164561,0.007350053,0.004267773,0.011380727,0.020153371,0.007112954,0.002370985,0.001422591,0.010195235,0.00474197,0.005453265,0.001896788,0.008298447,0.003793576,0.005216167,0,0.007350053,0.008298447,0.002133886,0.002845182,0.008061348,0.001896788,0.001896788,0.009246841,0.021338863,0.004979068,0.005216167,0.02655503,0.005690364,0.013514613,0.003556477,0.033667984,0.007350053,0.02489534,0.006164561,0.021338863,0.023235651,0.003556477,0.019679174,0.068284362,0.05311006,0.047656795,0.059748817,0.027977621,0.049079386,0.024421144,0.024421144,0.009009742,0.035327674,0.052161666,0.051213272,0.052398764,0.064490787,0.060460113,0.033430886,0.031059901,0.029163113,0.022998553,0.030348606,0.034616378,0.034853477,0.014700106,0.038884151,0.026080833,0.028688916,0.038884151,0.039595446,0.030111507,0.033905083,0.048605189,0.055955241,0.045048711,0.060697211,0.066387575,0.078479597,0.047419696,0.069469855,0.077768302,0.091282915,0.119971831,0.105034627,0.106694316,0.079902188,0.120683127,0.130167066,0.139888104,0.124239604,0.16383505,0.142733285,0.094602294,0.148660747,0.137991316,0.126847687,0.132538051,0.111436286,0.149134944,0.060460113,0.125899293,0.10764271
7.91E-05,2.08E-05,1.25E-05,1.67E-05,8.33E-06,0,1.67E-05,1.67E-05,5.83E-05,0,8.33E-05,0.000108255,8.33E-06,4.16E-05,0,0.000253982,0.000220673,0,0.000324764,8.74E-05,0.000145727,0.000204018,8.74E-05,8.74E-05,0.000129073,0.000312273,0.000424691,0.000312273,0.000291455,0.0001832,0.000499637,0.000478819,0.000416364,0.000458,0.000645364,0.000253982,0.000462164,0.000716146,0.000312273,0.000362237,0.000408037,0.000337255,0.000287291,0.000520455,0.000662019,0.000657855,0.000503801,0.000474655,0.00049131,0.000303946,0.000595401,0.000662019,0.000391382,0.000441346,0.000378891,0.000270637,0.00072031,0.000645364,0.000836892,4.16E-06,0.00144062,0.001336529,0.001036746,0.001415638,0.000916001,0.001174147,0.001045074,0.001099201,6.66E-05,0.001844493,0.000745292,0.000474655,0.000670346,0.001573856,0.001049237,0.001190801,0.00153222,0.002115129,0.002065166,0,0.003343403,0.001711256,0.001615493,0.001145001,0.00199022,0.002198402,0.002090148,0.002069329,0,0.001981893,0.002110966,0.002427402,0.002514839,0.003368385,0.004734059,0.002460712,0.002377439,0.002764657,0.002648075,0.00312273,0.002523166,0.002489857,0.002835439,0.002764657,0.002348293,0.00320184,0.004047059,0.003151876,0.004800677,0.003868022,0.005545969,0.004946405,0.00502135,0.005570951,0.005795788,0.005762478,0.006886661,0.006636843,0.00690748,0.008568772,0.007169789,0.007798499,0.009205809,0.007965044,0.008860227,0.009576373,0.010475719,0.011104429,0.012370176,0.013515177,0.01459356,0.014397869,0.014085596,0.015426288,0.018411618,0.014934978,0.01612578,0.018490727,0.012274412,0.016979326,0.019094455,0.018336673,0.019402565,0.019032001,0.017125053,0.020988912,0.018632291,0.018890437,0.018786346,0.01987722,0.018140982,0.015813507,0.017562236,0.021134639,0.020085402,0.020422657,0.021709222,0.022183877,0.01915691,0.020843184,0.023482932,0.022446186,0.022504477,0.023453787,0.02571048,0.019910529,0.022246331,0.023657805,0.023574533,0.025289952,0.027438391,0.027138609,0.02318315,0.027571627,0.027346791,0.02909552,0.029212102,0.028254464,0.025835389,0.021480221,0.028483465
8.35E-05,0.00016691,0,0,0,8.35E-05,8.35E-05,0,0,8.35E-05,8.35E-05,0,0,0,0.000250365,0.00050073,0.00050073,0.00033382,0.000417275,0,0.00016691,0.00016691,0,0,0,0,0.00016691,0,0,0.000250365,0.00016691,0.00016691,0.00016691,0,0,8.35E-05,8.35E-05,0,0.00016691,8.35E-05,0.000250365,8.35E-05,0.00016691,8.35E-05,8.35E-05,8.35E-05,0,8.35E-05,0,0,0.00016691,0.00033382,8.35E-05,0,8.35E-05,0.000250365,0.00050073,0.00033382,0.00050073,0.00033382,8.35E-05,0.001502189,0.000918004,0.002002918,0.000584185,0.007594399,0.00609221,0.002670558,0.004339657,0.005674936,0.002587103,0.018026266,0.002754013,0.01318588,0.004256202,0.007093669,0.003505107,0.005674936,0.005174206,0.007344034,0.004339657,0.004673476,0.010515322,0.002086373,0.00675985,0.00675985,0.005090751,0.002837468,0.002169828,0.008095129,0.00675985,0.00659294,0.00625912,0.010348412,0.003588562,0.004840386,0.011099506,0.007344034,0.005674936,0.002837468,0.005508026,0.002670558,0.000667639,0.004172747,0.005508026,0.003087833,0.005341116,0.003755472,0.002587103,0.003087833,0.005758391,0.002336738,0.003922382,0.005674936,0.003672017,0.010014592,0.0059253,0.006509485,0.008262039,0.016440622,0.010014592,0.014521159,0.019945729,0.010598777,0.017275172,0.037638176,0.012100966,0,0.043062746,0.011934056,0.018693905,0.021614828,0.023283927,0.016607532,0.009847682,0.022032103,0.01218442,0.017275172,0.017358626,0.020529914,0.024869571,0.029125772,0.041810922,0.019194635,0.03246397,0.034299978,0.03788854,0.034717253,0.026121395,0.027122854,0.01961191,0.026538669,0.03905691,0.022032103,0.034299978,0.037304356,0.040308734,0.046567854,0.033799249,0.040475643,0.04464839,0.060755193,0.049071502,0.058919184,0.055414077,0.049405321,0.047652768,0.069768326,0.078948368,0.069351051,0.079282188,0.055747896,0.067348132,0.054913347,0.093219162,0.088044956,0.079699463,0.093052252,0.136615728,0.087043497,0.116085814
9.63E-06,9.63E-06,1.93E-05,2.89E-05,0,1.93E-05,0,9.63E-06,4.81E-05,1.93E-05,1.93E-05,6.74E-05,0,0.000105899,0.000154035,9.63E-05,5.78E-05,0.000105899,0.000105899,7.70E-05,3.85E-05,0.000125154,0,0.00017329,0.00017329,0.000365834,0.000221426,0.00017329,0.000231053,0.000308071,0.000221426,0.000279189,0.000510242,0.000298444,0.000317698,0.000558378,0.000548751,0.000385089,0.000365834,0.000462106,0.000269562,0.000317698,0.000356207,0,0.001222656,0.000394716,0.002849655,0.000818313,0.001078248,0.000885704,0.001251538,0.001039739,0.001472964,0.001193774,0.001058993,0.001126384,0.000837568,0.000808686,0.00110713,0.000972349,0.001424828,0.001309301,0.001367064,0.000904958,0.001299674,0.001222656,0.00200246,0.001434455,0.001858052,0.00176178,0.003311761,0.002666738,0.003051827,0.003571696,0.002608975,0.003812376,0.003273252,0.003542814,0.00411082,0.004187838,0.004322619,0.004101193,0.003581323,0.003302134,0.004235974,0.004582553,0.004370755,0.003744986,0.003918276,0.003995293,0.00376424,0.004187838,0.003417661,0.004245601,0.003985666,0.003976039,0.003562069,0.00428411,0.004572926,0.00521795,0.005015778,0.005506766,0.006007381,0.006276943,0.005882227,0.006248061,0.006440606,0.007153019,0.008616356,0.008289031,0.008183131,0.009492432,0.010474408,0.011533401,0.012938975,0.015018453,0.013815051,0.013381826,0.015297642,0.01626999,0.018233942,0.021160615,0.021930792,0.021969301,0.021767129,0.022055946,0.023451891,0.021333905,0.023143821,0.022537306,0.020332674,0.020544473,0.022084827,0.023432637,0.024029524,0.024924855,0.026368937,0.026147511,0.026494091,0.027110232,0.028438788,0.028034445,0.028390652,0.02829438,0.027967054,0.028217362,0.028265498,0.028852758,0.029218592,0.029594053,0.029517036,0.029651817,0.030566402,0.030508639,0.030778201,0.031240307,0.031115153,0.031519496,0.028563942,0.02853506,0.028631332,0.028852758,0.02870835,0.028997166,0.029064557,0.028814249,0.028332889,0.028650587,0.028727604,0.028669841,0.029285983,0.029719207,0.029622935,0.029757716,0.029911752,0.029959888,0.030393112,0.030431621,0.030951491,0.030912982,0.031067017
